{
  "project_info": {
    "project_number": "980245561950",
    "project_id": "uc3m-it-2025-16504-g05-97",
    "storage_bucket": "uc3m-it-2025-16504-g05-97.firebasestorage.app"
  },
  "client": [
    {
      "client_info": {
        "mobilesdk_app_id": "1:980245561950:android:57b3d64dbdb89a1acdaacf",
        "android_client_info": {
          "package_name": "es.uc3m.android.mobile_app"
        }
      },
      "oauth_client": [],
      "api_key": [
        {
          "current_key": "AIzaSyCTZtLebiFjHo04v87lthmtFoqhUX1wuWA"
        }
      ],
      "services": {
        "appinvite_service": {
          "other_platform_oauth_client": []
        }
      }
    }
  ],
  "configuration_version": "1"
}